Workbook

Sheet Trykkberegning
A1: TRYKKBEREGNING AV RØR
A3: Væsker · én rørstrekning · eksempeldata ved åpning · blå felt er inndata
A5: 1 RØR OG MATERIALE | H5: RESULTAT / Δp
A6: Rørserie / dimensjonsstandard | E6: EN 10220 / ISO 4200 | H6: Nødvendig trykkdifferanse p inn − p ut
A7: Nominell dimensjon / metrisk OD | E7: DN80 | H7: =IF(Beregning!B4="OK",Beregning!B37/100000,"") -> 1.2189846
A8: Utvendig diameter, brukt | E8: =IF(E9<>"",E9,IFERROR(VLOOKUP(E6&"|"&E7,Roroppslag,4,FALSE()),0)) -> 88.9 | F8: mm
A9: Egen utvendig diameter, valgfritt | F9: mm
A10: Veggtykkelse | E10: 3.2 | F10: mm | H10: Dissipative tap + ρ · g · (høyde opp − høyde ned)
A11: Egen innvendig diameter, valgfritt | F11: mm
A12: Innvendig diameter, brukt | E12: =IF(E11<>"",E11,IFERROR(E8-2*E10,0)) -> 82.5 | F12: mm | H12: Dissipativt trykktap | L12: =IF(Beregning!B4="OK",Beregning!B35/100000,"") -> 0.4358648
A13: Materiale | E13: P235GH – karbonstål | H13: Høydebidrag, med fortegn | L13: =IF(Beregning!B4="OK",Beregning!B36/100000,"") -> 0.78311984
A14: EN-produktstandard | E14: EN 10216-2 | H14: Hastighet i røret | L14: =IF(Beregning!B3="OK",Beregning!B13,"") -> 1.8706917
A15: Absolutt ruhet ε, brukt | E15: =IF(E16<>"",E16,IFERROR(VLOOKUP(E13,Materialdata,3,FALSE()),0)) -> 0.045 | F15: mm | H15: Reynolds-tall | L15: =IF(Beregning!B3="OK",Beregning!B14,"") -> 153746.77
A16: Egen absolutt ruhet, valgfritt | F16: mm | H16: Strømningsregime | L16: =IF(Beregning!B3="OK",Beregning!B24,"") -> Turbulent
A17: Antall flensede rørkoblinger | E17: 0 | F17: stk | H17: Darcy friksjonsfaktor | L17: =IF(Beregning!B3="OK",Beregning!B23,"") -> 0.019528154
A18: K per flenskobling | E18: 0 | F18: – | H18: Nødvendig trykkhøyde | L18: =IF(Beregning!B4="OK",Beregning!B37/(Beregning!B10*Beregning!B6),"") -> 12.452599
A19: 2 MEDIUM OG VOLUMSTRØM | H19: Beregnet utløpstrykk | L19: =IF(OR(Beregning!B4<>"OK",E33=""),"Ikke angitt",E33-Beregning!B37/100000) -> Ikke angitt
A20: Medium / temperaturreferanse | E20: Vann 20 °C
A21: Tetthet ρ, brukt | E21: =IF(E23<>"",E23,IFERROR(VLOOKUP(E20,Mediedata,2,FALSE()),0)) -> 998.2 | F21: kg/m³ | H21: KONTROLL AV INNDATA OG MODELL
A22: Dynamisk viskositet μ, brukt | E22: =IF(E24<>"",E24,IFERROR(VLOOKUP(E20,Mediedata,3,FALSE()),0)) -> 1.002 | F22: mPa·s | H22: =IF(Beregning!B4<>"OK",Beregning!B4,IF(E14="Annen / dokumentert","OK – kontroller egen EN-standard mot leverandørdata.",IF(Beregning!B37<0,"OK – negativ differanse: høydefallet gir mer trykk enn tapene tar.","OK – alle aktive komponentrader er med."))) -> OK – alle aktive komponentrader er med.
A23: Egen tetthet, valgfritt | F23: kg/m³
A24: Egen dynamisk viskositet, valgfritt | F24: mPa·s
A25: Volumstrøm Q | E25: 36 | F25: m³/h
A26: Kinematisk viskositet ν, brukt | E26: =IFERROR(1000*E22/E21,0) -> 1.0038069 | F26: mm²/s
A28: 3 RØRLENGDE OG HØYDEFORSKJELL
A29: Rette rørmeter L, totalt | E29: 100 | F29: m
A30: Høydemeter opp | E30: 10 | F30: m
A31: Høydemeter ned | E31: 2 | F31: m
A32: Netto høydeforskjell | E32: =IFERROR(E30-E31,0) -> 8 | F32: m
A33: Innløpstrykk, valgfritt | F33: bar(g)
A35: 4 LEGG TIL KOMPONENTER I EGNE FANER
A36: Bend, Y- og T-stykker →
A37: Ventiler: antall og Δp per ventil →
A38: Andre komponenter: antall og Δp →
A40: MODELL: Newtonsk, inkompressibel væske; konstant diameter og volumstrøm. Darcy–Weisbach + Colebrook (laminært: 64/Re). Hydraulikk, ikke mekanisk trykklasse. Se Veiledning for forutsetninger og kilder.

Sheet Bend
A1: BEND, Y-STYKKER OG T-STYKKER
A3: 25 rader kan kombineres. Antall 0 betyr at raden ikke er med.
A4: Bend: velg type og vinkel. R/Di kan overstyres (tomt = 1,5 for lang radius og 1,0 for kort). Eget K overstyrer modellen.
A5: Y/T-stykker og egne komponenter krever dokumentert K. K må referere til hastigheten i den valgte rørstrekningen. Ingen automatisk nettverksfordeling.
A6: Type | B6: Vinkel [°] | C6: Antall | D6: Eget R/Di | E6: K, modell | F6: Eget K | G6: K, brukt | H6: Δp per enhet [kPa] | I6: Δp totalt [kPa] | J6: Kontroll | K6: Datakilde / kommentar
A7: Bend, lang radius | B7: 90 | C7: 4 | E7: =IFERROR(IF(AND(LEFT(A7,4)="Bend",B7>0,B7<=180,(IF(D7="",IFERROR(VLOOKUP(A7,Benddata,2,FALSE()),0),D7))>=0.5,Beregning!$B$3="OK"),Beregning!$B$23*RADIANS(B7)*(IF(D7="",IFERROR(VLOOKUP(A7,Benddata,2,FALSE()),0),D7))+(0.1+2.4*Beregning!$B$23)*SIN(RADIANS(B7)/2)+6.6*Beregning!$B$23*(SQRT(SIN(RADIANS(B7)/2))+SIN(RADIANS(B7)/2))/((IF(D7="",IFERROR(VLOOKUP(A7,Benddata,2,FALSE()),0),D7))^(4*RADIANS(B7)/PI())),""),"") -> 0.2385368 | G7: =IF(F7<>"",F7,E7) -> 0.2385368 | H7: =IF(J7="OK",G7*Beregning!$B$25/1000,"") -> 0.416627 | I7: =IF(J7="OK",C7*H7,"") -> 1.666508 | J7: =IFERROR(IF(OR(C7="",C7=0),"Ikke med",IF(OR(NOT(ISNUMBER(C7)),C7<0,C7<>INT(C7)),"FEIL: antall",IF(COUNTIF(Bendtyper,A7)=0,"FEIL: velg type",IF(Beregning!$B$3<>"OK","Venter på inndata",IF(F7<>"",IF(OR(NOT(ISNUMBER(F7)),F7<0),"FEIL: eget K","OK"),IF(LEFT(A7,4)<>"Bend","FEIL: oppgi eget K",IF(OR(NOT(ISNUMBER(B7)),B7<=0,B7>180,(IF(D7="",IFERROR(VLOOKUP(A7,Benddata,2,FALSE()),0),D7))<0.5,NOT(ISNUMBER(IF(D7="",IFERROR(VLOOKUP(A7,Benddata,2,FALSE()),0),D7)))),"FEIL: vinkel eller R/Di",IF(AND(Beregning!$B$14>0,Beregning!$B$14<4000),"FEIL: eget K ved Re<4000","OK")))))))),"FEIL: kontroller tall") -> OK
A8: Bend, lang radius | B8: 45 | C8: 2 | E8: =IFERROR(IF(AND(LEFT(A8,4)="Bend",B8>0,B8<=180,(IF(D8="",IFERROR(VLOOKUP(A8,Benddata,2,FALSE()),0),D8))>=0.5,Beregning!$B$3="OK"),Beregning!$B$23*RADIANS(B8)*(IF(D8="",IFERROR(VLOOKUP(A8,Benddata,2,FALSE()),0),D8))+(0.1+2.4*Beregning!$B$23)*SIN(RADIANS(B8)/2)+6.6*Beregning!$B$23*(SQRT(SIN(RADIANS(B8)/2))+SIN(RADIANS(B8)/2))/((IF(D8="",IFERROR(VLOOKUP(A8,Benddata,2,FALSE()),0),D8))^(4*RADIANS(B8)/PI())),""),"") -> 0.16524522 | G8: =IF(F8<>"",F8,E8) -> 0.16524522 | H8: =IF(J8="OK",G8*Beregning!$B$25/1000,"") -> 0.28861634 | I8: =IF(J8="OK",C8*H8,"") -> 0.57723267 | J8: =IFERROR(IF(OR(C8="",C8=0),"Ikke med",IF(OR(NOT(ISNUMBER(C8)),C8<0,C8<>INT(C8)),"FEIL: antall",IF(COUNTIF(Bendtyper,A8)=0,"FEIL: velg type",IF(Beregning!$B$3<>"OK","Venter på inndata",IF(F8<>"",IF(OR(NOT(ISNUMBER(F8)),F8<0),"FEIL: eget K","OK"),IF(LEFT(A8,4)<>"Bend","FEIL: oppgi eget K",IF(OR(NOT(ISNUMBER(B8)),B8<=0,B8>180,(IF(D8="",IFERROR(VLOOKUP(A8,Benddata,2,FALSE()),0),D8))<0.5,NOT(ISNUMBER(IF(D8="",IFERROR(VLOOKUP(A8,Benddata,2,FALSE()),0),D8)))),"FEIL: vinkel eller R/Di",IF(AND(Beregning!$B$14>0,Beregning!$B$14<4000),"FEIL: eget K ved Re<4000","OK")))))))),"FEIL: kontroller tall") -> OK
A9: T-stykke, gjennomløp | B9: 90 | C9: 0 | E9: =IFERROR(IF(AND(LEFT(A9,4)="Bend",B9>0,B9<=180,(IF(D9="",IFERROR(VLOOKUP(A9,Benddata,2,FALSE()),0),D9))>=0.5,Beregning!$B$3="OK"),Beregning!$B$23*RADIANS(B9)*(IF(D9="",IFERROR(VLOOKUP(A9,Benddata,2,FALSE()),0),D9))+(0.1+2.4*Beregning!$B$23)*SIN(RADIANS(B9)/2)+6.6*Beregning!$B$23*(SQRT(SIN(RADIANS(B9)/2))+SIN(RADIANS(B9)/2))/((IF(D9="",IFERROR(VLOOKUP(A9,Benddata,2,FALSE()),0),D9))^(4*RADIANS(B9)/PI())),""),"") | G9: =IF(F9<>"",F9,E9) | H9: =IF(J9="OK",G9*Beregning!$B$25/1000,"") | I9: =IF(J9="OK",C9*H9,"") | J9: =IFERROR(IF(OR(C9="",C9=0),"Ikke med",IF(OR(NOT(ISNUMBER(C9)),C9<0,C9<>INT(C9)),"FEIL: antall",IF(COUNTIF(Bendtyper,A9)=0,"FEIL: velg type",IF(Beregning!$B$3<>"OK","Venter på inndata",IF(F9<>"",IF(OR(NOT(ISNUMBER(F9)),F9<0),"FEIL: eget K","OK"),IF(LEFT(A9,4)<>"Bend","FEIL: oppgi eget K",IF(OR(NOT(ISNUMBER(B9)),B9<=0,B9>180,(IF(D9="",IFERROR(VLOOKUP(A9,Benddata,2,FALSE()),0),D9))<0.5,NOT(ISNUMBER(IF(D9="",IFERROR(VLOOKUP(A9,Benddata,2,FALSE()),0),D9)))),"FEIL: vinkel eller R/Di",IF(AND(Beregning!$B$14>0,Beregning!$B$14<4000),"FEIL: eget K ved Re<4000","OK")))))))),"FEIL: kontroller tall") -> Ikke med
A10: Y-stykke, avgrening | B10: 45 | C10: 0 | E10: =IFERROR(IF(AND(LEFT(A10,4)="Bend",B10>0,B10<=180,(IF(D10="",IFERROR(VLOOKUP(A10,Benddata,2,FALSE()),0),D10))>=0.5,Beregning!$B$3="OK"),Beregning!$B$23*RADIANS(B10)*(IF(D10="",IFERROR(VLOOKUP(A10,Benddata,2,FALSE()),0),D10))+(0.1+2.4*Beregning!$B$23)*SIN(RADIANS(B10)/2)+6.6*Beregning!$B$23*(SQRT(SIN(RADIANS(B10)/2))+SIN(RADIANS(B10)/2))/((IF(D10="",IFERROR(VLOOKUP(A10,Benddata,2,FALSE()),0),D10))^(4*RADIANS(B10)/PI())),""),"") | G10: =IF(F10<>"",F10,E10) | H10: =IF(J10="OK",G10*Beregning!$B$25/1000,"") | I10: =IF(J10="OK",C10*H10,"") | J10: =IFERROR(IF(OR(C10="",C10=0),"Ikke med",IF(OR(NOT(ISNUMBER(C10)),C10<0,C10<>INT(C10)),"FEIL: antall",IF(COUNTIF(Bendtyper,A10)=0,"FEIL: velg type",IF(Beregning!$B$3<>"OK","Venter på inndata",IF(F10<>"",IF(OR(NOT(ISNUMBER(F10)),F10<0),"FEIL: eget K","OK"),IF(LEFT(A10,4)<>"Bend","FEIL: oppgi eget K",IF(OR(NOT(ISNUMBER(B10)),B10<=0,B10>180,(IF(D10="",IFERROR(VLOOKUP(A10,Benddata,2,FALSE()),0),D10))<0.5,NOT(ISNUMBER(IF(D10="",IFERROR(VLOOKUP(A10,Benddata,2,FALSE()),0),D10)))),"FEIL: vinkel eller R/Di",IF(AND(Beregning!$B$14>0,Beregning!$B$14<4000),"FEIL: eget K ved Re<4000","OK")))))))),"FEIL: kontroller tall") -> Ikke med
A11: Bend, kort radius | B11: 90 | C11: 0 | E11: =IFERROR(IF(AND(LEFT(A11,4)="Bend",B11>0,B11<=180,(IF(D11="",IFERROR(VLOOKUP(A11,Benddata,2,FALSE()),0),D11))>=0.5,Beregning!$B$3="OK"),Beregning!$B$23*RADIANS(B11)*(IF(D11="",IFERROR(VLOOKUP(A11,Benddata,2,FALSE()),0),D11))+(0.1+2.4*Beregning!$B$23)*SIN(RADIANS(B11)/2)+6.6*Beregning!$B$23*(SQRT(SIN(RADIANS(B11)/2))+SIN(RADIANS(B11)/2))/((IF(D11="",IFERROR(VLOOKUP(A11,Benddata,2,FALSE()),0),D11))^(4*RADIANS(B11)/PI())),""),"") -> 0.33404146 | G11: =IF(F11<>"",F11,E11) -> 0.33404146 | H11: =IF(J11="OK",G11*Beregning!$B$25/1000,"") | I11: =IF(J11="OK",C11*H11,"") | J11: =IFERROR(IF(OR(C11="",C11=0),"Ikke med",IF(OR(NOT(ISNUMBER(C11)),C11<0,C11<>INT(C11)),"FEIL: antall",IF(COUNTIF(Bendtyper,A11)=0,"FEIL: velg type",IF(Beregning!$B$3<>"OK","Venter på inndata",IF(F11<>"",IF(OR(NOT(ISNUMBER(F11)),F11<0),"FEIL: eget K","OK"),IF(LEFT(A11,4)<>"Bend","FEIL: oppgi eget K",IF(OR(NOT(ISNUMBER(B11)),B11<=0,B11>180,(IF(D11="",IFERROR(VLOOKUP(A11,Benddata,2,FALSE()),0),D11))<0.5,NOT(ISNUMBER(IF(D11="",IFERROR(VLOOKUP(A11,Benddata,2,FALSE()),0),D11)))),"FEIL: vinkel eller R/Di",IF(AND(Beregning!$B$14>0,Beregning!$B$14<4000),"FEIL: eget K ved Re<4000","OK")))))))),"FEIL: kontroller tall") -> Ikke med
C12: 0 | E12: =IFERROR(IF(AND(LEFT(A12,4)="Bend",B12>0,B12<=180,(IF(D12="",IFERROR(VLOOKUP(A12,Benddata,2,FALSE()),0),D12))>=0.5,Beregning!$B$3="OK"),Beregning!$B$23*RADIANS(B12)*(IF(D12="",IFERROR(VLOOKUP(A12,Benddata,2,FALSE()),0),D12))+(0.1+2.4*Beregning!$B$23)*SIN(RADIANS(B12)/2)+6.6*Beregning!$B$23*(SQRT(SIN(RADIANS(B12)/2))+SIN(RADIANS(B12)/2))/((IF(D12="",IFERROR(VLOOKUP(A12,Benddata,2,FALSE()),0),D12))^(4*RADIANS(B12)/PI())),""),"") | G12: =IF(F12<>"",F12,E12) | H12: =IF(J12="OK",G12*Beregning!$B$25/1000,"") | I12: =IF(J12="OK",C12*H12,"") | J12: =IFERROR(IF(OR(C12="",C12=0),"Ikke med",IF(OR(NOT(ISNUMBER(C12)),C12<0,C12<>INT(C12)),"FEIL: antall",IF(COUNTIF(Bendtyper,A12)=0,"FEIL: velg type",IF(Beregning!$B$3<>"OK","Venter på inndata",IF(F12<>"",IF(OR(NOT(ISNUMBER(F12)),F12<0),"FEIL: eget K","OK"),IF(LEFT(A12,4)<>"Bend","FEIL: oppgi eget K",IF(OR(NOT(ISNUMBER(B12)),B12<=0,B12>180,(IF(D12="",IFERROR(VLOOKUP(A12,Benddata,2,FALSE()),0),D12))<0.5,NOT(ISNUMBER(IF(D12="",IFERROR(VLOOKUP(A12,Benddata,2,FALSE()),0),D12)))),"FEIL: vinkel eller R/Di",IF(AND(Beregning!$B$14>0,Beregning!$B$14<4000),"FEIL: eget K ved Re<4000","OK")))))))),"FEIL: kontroller tall") -> Ikke med
C13: 0 | E13: =IFERROR(IF(AND(LEFT(A13,4)="Bend",B13>0,B13<=180,(IF(D13="",IFERROR(VLOOKUP(A13,Benddata,2,FALSE()),0),D13))>=0.5,Beregning!$B$3="OK"),Beregning!$B$23*RADIANS(B13)*(IF(D13="",IFERROR(VLOOKUP(A13,Benddata,2,FALSE()),0),D13))+(0.1+2.4*Beregning!$B$23)*SIN(RADIANS(B13)/2)+6.6*Beregning!$B$23*(SQRT(SIN(RADIANS(B13)/2))+SIN(RADIANS(B13)/2))/((IF(D13="",IFERROR(VLOOKUP(A13,Benddata,2,FALSE()),0),D13))^(4*RADIANS(B13)/PI())),""),"") | G13: =IF(F13<>"",F13,E13) | H13: =IF(J13="OK",G13*Beregning!$B$25/1000,"") | I13: =IF(J13="OK",C13*H13,"") | J13: =IFERROR(IF(OR(C13="",C13=0),"Ikke med",IF(OR(NOT(ISNUMBER(C13)),C13<0,C13<>INT(C13)),"FEIL: antall",IF(COUNTIF(Bendtyper,A13)=0,"FEIL: velg type",IF(Beregning!$B$3<>"OK","Venter på inndata",IF(F13<>"",IF(OR(NOT(ISNUMBER(F13)),F13<0),"FEIL: eget K","OK"),IF(LEFT(A13,4)<>"Bend","FEIL: oppgi eget K",IF(OR(NOT(ISNUMBER(B13)),B13<=0,B13>180,(IF(D13="",IFERROR(VLOOKUP(A13,Benddata,2,FALSE()),0),D13))<0.5,NOT(ISNUMBER(IF(D13="",IFERROR(VLOOKUP(A13,Benddata,2,FALSE()),0),D13)))),"FEIL: vinkel eller R/Di",IF(AND(Beregning!$B$14>0,Beregning!$B$14<4000),"FEIL: eget K ved Re<4000","OK")))))))),"FEIL: kontroller tall") -> Ikke med
C14: 0 | E14: =IFERROR(IF(AND(LEFT(A14,4)="Bend",B14>0,B14<=180,(IF(D14="",IFERROR(VLOOKUP(A14,Benddata,2,FALSE()),0),D14))>=0.5,Beregning!$B$3="OK"),Beregning!$B$23*RADIANS(B14)*(IF(D14="",IFERROR(VLOOKUP(A14,Benddata,2,FALSE()),0),D14))+(0.1+2.4*Beregning!$B$23)*SIN(RADIANS(B14)/2)+6.6*Beregning!$B$23*(SQRT(SIN(RADIANS(B14)/2))+SIN(RADIANS(B14)/2))/((IF(D14="",IFERROR(VLOOKUP(A14,Benddata,2,FALSE()),0),D14))^(4*RADIANS(B14)/PI())),""),"") | G14: =IF(F14<>"",F14,E14) | H14: =IF(J14="OK",G14*Beregning!$B$25/1000,"") | I14: =IF(J14="OK",C14*H14,"") | J14: =IFERROR(IF(OR(C14="",C14=0),"Ikke med",IF(OR(NOT(ISNUMBER(C14)),C14<0,C14<>INT(C14)),"FEIL: antall",IF(COUNTIF(Bendtyper,A14)=0,"FEIL: velg type",IF(Beregning!$B$3<>"OK","Venter på inndata",IF(F14<>"",IF(OR(NOT(ISNUMBER(F14)),F14<0),"FEIL: eget K","OK"),IF(LEFT(A14,4)<>"Bend","FEIL: oppgi eget K",IF(OR(NOT(ISNUMBER(B14)),B14<=0,B14>180,(IF(D14="",IFERROR(VLOOKUP(A14,Benddata,2,FALSE()),0),D14))<0.5,NOT(ISNUMBER(IF(D14="",IFERROR(VLOOKUP(A14,Benddata,2,FALSE()),0),D14)))),"FEIL: vinkel eller R/Di",IF(AND(Beregning!$B$14>0,Beregning!$B$14<4000),"FEIL: eget K ved Re<4000","OK")))))))),"FEIL: kontroller tall") -> Ikke med
C15: 0 | E15: =IFERROR(IF(AND(LEFT(A15,4)="Bend",B15>0,B15<=180,(IF(D15="",IFERROR(VLOOKUP(A15,Benddata,2,FALSE()),0),D15))>=0.5,Beregning!$B$3="OK"),Beregning!$B$23*RADIANS(B15)*(IF(D15="",IFERROR(VLOOKUP(A15,Benddata,2,FALSE()),0),D15))+(0.1+2.4*Beregning!$B$23)*SIN(RADIANS(B15)/2)+6.6*Beregning!$B$23*(SQRT(SIN(RADIANS(B15)/2))+SIN(RADIANS(B15)/2))/((IF(D15="",IFERROR(VLOOKUP(A15,Benddata,2,FALSE()),0),D15))^(4*RADIANS(B15)/PI())),""),"") | G15: =IF(F15<>"",F15,E15) | H15: =IF(J15="OK",G15*Beregning!$B$25/1000,"") | I15: =IF(J15="OK",C15*H15,"") | J15: =IFERROR(IF(OR(C15="",C15=0),"Ikke med",IF(OR(NOT(ISNUMBER(C15)),C15<0,C15<>INT(C15)),"FEIL: antall",IF(COUNTIF(Bendtyper,A15)=0,"FEIL: velg type",IF(Beregning!$B$3<>"OK","Venter på inndata",IF(F15<>"",IF(OR(NOT(ISNUMBER(F15)),F15<0),"FEIL: eget K","OK"),IF(LEFT(A15,4)<>"Bend","FEIL: oppgi eget K",IF(OR(NOT(ISNUMBER(B15)),B15<=0,B15>180,(IF(D15="",IFERROR(VLOOKUP(A15,Benddata,2,FALSE()),0),D15))<0.5,NOT(ISNUMBER(IF(D15="",IFERROR(VLOOKUP(A15,Benddata,2,FALSE()),0),D15)))),"FEIL: vinkel eller R/Di",IF(AND(Beregning!$B$14>0,Beregning!$B$14<4000),"FEIL: eget K ved Re<4000","OK")))))))),"FEIL: kontroller tall") -> Ikke med
C16: 0 | E16: =IFERROR(IF(AND(LEFT(A16,4)="Bend",B16>0,B16<=180,(IF(D16="",IFERROR(VLOOKUP(A16,Benddata,2,FALSE()),0),D16))>=0.5,Beregning!$B$3="OK"),Beregning!$B$23*RADIANS(B16)*(IF(D16="",IFERROR(VLOOKUP(A16,Benddata,2,FALSE()),0),D16))+(0.1+2.4*Beregning!$B$23)*SIN(RADIANS(B16)/2)+6.6*Beregning!$B$23*(SQRT(SIN(RADIANS(B16)/2))+SIN(RADIANS(B16)/2))/((IF(D16="",IFERROR(VLOOKUP(A16,Benddata,2,FALSE()),0),D16))^(4*RADIANS(B16)/PI())),""),"") | G16: =IF(F16<>"",F16,E16) | H16: =IF(J16="OK",G16*Beregning!$B$25/1000,"") | I16: =IF(J16="OK",C16*H16,"") | J16: =IFERROR(IF(OR(C16="",C16=0),"Ikke med",IF(OR(NOT(ISNUMBER(C16)),C16<0,C16<>INT(C16)),"FEIL: antall",IF(COUNTIF(Bendtyper,A16)=0,"FEIL: velg type",IF(Beregning!$B$3<>"OK","Venter på inndata",IF(F16<>"",IF(OR(NOT(ISNUMBER(F16)),F16<0),"FEIL: eget K","OK"),IF(LEFT(A16,4)<>"Bend","FEIL: oppgi eget K",IF(OR(NOT(ISNUMBER(B16)),B16<=0,B16>180,(IF(D16="",IFERROR(VLOOKUP(A16,Benddata,2,FALSE()),0),D16))<0.5,NOT(ISNUMBER(IF(D16="",IFERROR(VLOOKUP(A16,Benddata,2,FALSE()),0),D16)))),"FEIL: vinkel eller R/Di",IF(AND(Beregning!$B$14>0,Beregning!$B$14<4000),"FEIL: eget K ved Re<4000","OK")))))))),"FEIL: kontroller tall") -> Ikke med
C17: 0 | E17: =IFERROR(IF(AND(LEFT(A17,4)="Bend",B17>0,B17<=180,(IF(D17="",IFERROR(VLOOKUP(A17,Benddata,2,FALSE()),0),D17))>=0.5,Beregning!$B$3="OK"),Beregning!$B$23*RADIANS(B17)*(IF(D17="",IFERROR(VLOOKUP(A17,Benddata,2,FALSE()),0),D17))+(0.1+2.4*Beregning!$B$23)*SIN(RADIANS(B17)/2)+6.6*Beregning!$B$23*(SQRT(SIN(RADIANS(B17)/2))+SIN(RADIANS(B17)/2))/((IF(D17="",IFERROR(VLOOKUP(A17,Benddata,2,FALSE()),0),D17))^(4*RADIANS(B17)/PI())),""),"") | G17: =IF(F17<>"",F17,E17) | H17: =IF(J17="OK",G17*Beregning!$B$25/1000,"") | I17: =IF(J17="OK",C17*H17,"") | J17: =IFERROR(IF(OR(C17="",C17=0),"Ikke med",IF(OR(NOT(ISNUMBER(C17)),C17<0,C17<>INT(C17)),"FEIL: antall",IF(COUNTIF(Bendtyper,A17)=0,"FEIL: velg type",IF(Beregning!$B$3<>"OK","Venter på inndata",IF(F17<>"",IF(OR(NOT(ISNUMBER(F17)),F17<0),"FEIL: eget K","OK"),IF(LEFT(A17,4)<>"Bend","FEIL: oppgi eget K",IF(OR(NOT(ISNUMBER(B17)),B17<=0,B17>180,(IF(D17="",IFERROR(VLOOKUP(A17,Benddata,2,FALSE()),0),D17))<0.5,NOT(ISNUMBER(IF(D17="",IFERROR(VLOOKUP(A17,Benddata,2,FALSE()),0),D17)))),"FEIL: vinkel eller R/Di",IF(AND(Beregning!$B$14>0,Beregning!$B$14<4000),"FEIL: eget K ved Re<4000","OK")))))))),"FEIL: kontroller tall") -> Ikke med
C18: 0 | E18: =IFERROR(IF(AND(LEFT(A18,4)="Bend",B18>0,B18<=180,(IF(D18="",IFERROR(VLOOKUP(A18,Benddata,2,FALSE()),0),D18))>=0.5,Beregning!$B$3="OK"),Beregning!$B$23*RADIANS(B18)*(IF(D18="",IFERROR(VLOOKUP(A18,Benddata,2,FALSE()),0),D18))+(0.1+2.4*Beregning!$B$23)*SIN(RADIANS(B18)/2)+6.6*Beregning!$B$23*(SQRT(SIN(RADIANS(B18)/2))+SIN(RADIANS(B18)/2))/((IF(D18="",IFERROR(VLOOKUP(A18,Benddata,2,FALSE()),0),D18))^(4*RADIANS(B18)/PI())),""),"") | G18: =IF(F18<>"",F18,E18) | H18: =IF(J18="OK",G18*Beregning!$B$25/1000,"") | I18: =IF(J18="OK",C18*H18,"") | J18: =IFERROR(IF(OR(C18="",C18=0),"Ikke med",IF(OR(NOT(ISNUMBER(C18)),C18<0,C18<>INT(C18)),"FEIL: antall",IF(COUNTIF(Bendtyper,A18)=0,"FEIL: velg type",IF(Beregning!$B$3<>"OK","Venter på inndata",IF(F18<>"",IF(OR(NOT(ISNUMBER(F18)),F18<0),"FEIL: eget K","OK"),IF(LEFT(A18,4)<>"Bend","FEIL: oppgi eget K",IF(OR(NOT(ISNUMBER(B18)),B18<=0,B18>180,(IF(D18="",IFERROR(VLOOKUP(A18,Benddata,2,FALSE()),0),D18))<0.5,NOT(ISNUMBER(IF(D18="",IFERROR(VLOOKUP(A18,Benddata,2,FALSE()),0),D18)))),"FEIL: vinkel eller R/Di",IF(AND(Beregning!$B$14>0,Beregning!$B$14<4000),"FEIL: eget K ved Re<4000","OK")))))))),"FEIL: kontroller tall") -> Ikke med
C19: 0 | E19: =IFERROR(IF(AND(LEFT(A19,4)="Bend",B19>0,B19<=180,(IF(D19="",IFERROR(VLOOKUP(A19,Benddata,2,FALSE()),0),D19))>=0.5,Beregning!$B$3="OK"),Beregning!$B$23*RADIANS(B19)*(IF(D19="",IFERROR(VLOOKUP(A19,Benddata,2,FALSE()),0),D19))+(0.1+2.4*Beregning!$B$23)*SIN(RADIANS(B19)/2)+6.6*Beregning!$B$23*(SQRT(SIN(RADIANS(B19)/2))+SIN(RADIANS(B19)/2))/((IF(D19="",IFERROR(VLOOKUP(A19,Benddata,2,FALSE()),0),D19))^(4*RADIANS(B19)/PI())),""),"") | G19: =IF(F19<>"",F19,E19) | H19: =IF(J19="OK",G19*Beregning!$B$25/1000,"") | I19: =IF(J19="OK",C19*H19,"") | J19: =IFERROR(IF(OR(C19="",C19=0),"Ikke med",IF(OR(NOT(ISNUMBER(C19)),C19<0,C19<>INT(C19)),"FEIL: antall",IF(COUNTIF(Bendtyper,A19)=0,"FEIL: velg type",IF(Beregning!$B$3<>"OK","Venter på inndata",IF(F19<>"",IF(OR(NOT(ISNUMBER(F19)),F19<0),"FEIL: eget K","OK"),IF(LEFT(A19,4)<>"Bend","FEIL: oppgi eget K",IF(OR(NOT(ISNUMBER(B19)),B19<=0,B19>180,(IF(D19="",IFERROR(VLOOKUP(A19,Benddata,2,FALSE()),0),D19))<0.5,NOT(ISNUMBER(IF(D19="",IFERROR(VLOOKUP(A19,Benddata,2,FALSE()),0),D19)))),"FEIL: vinkel eller R/Di",IF(AND(Beregning!$B$14>0,Beregning!$B$14<4000),"FEIL: eget K ved Re<4000","OK")))))))),"FEIL: kontroller tall") -> Ikke med
C20: 0 | E20: =IFERROR(IF(AND(LEFT(A20,4)="Bend",B20>0,B20<=180,(IF(D20="",IFERROR(VLOOKUP(A20,Benddata,2,FALSE()),0),D20))>=0.5,Beregning!$B$3="OK"),Beregning!$B$23*RADIANS(B20)*(IF(D20="",IFERROR(VLOOKUP(A20,Benddata,2,FALSE()),0),D20))+(0.1+2.4*Beregning!$B$23)*SIN(RADIANS(B20)/2)+6.6*Beregning!$B$23*(SQRT(SIN(RADIANS(B20)/2))+SIN(RADIANS(B20)/2))/((IF(D20="",IFERROR(VLOOKUP(A20,Benddata,2,FALSE()),0),D20))^(4*RADIANS(B20)/PI())),""),"") | G20: =IF(F20<>"",F20,E20) | H20: =IF(J20="OK",G20*Beregning!$B$25/1000,"") | I20: =IF(J20="OK",C20*H20,"") | J20: =IFERROR(IF(OR(C20="",C20=0),"Ikke med",IF(OR(NOT(ISNUMBER(C20)),C20<0,C20<>INT(C20)),"FEIL: antall",IF(COUNTIF(Bendtyper,A20)=0,"FEIL: velg type",IF(Beregning!$B$3<>"OK","Venter på inndata",IF(F20<>"",IF(OR(NOT(ISNUMBER(F20)),F20<0),"FEIL: eget K","OK"),IF(LEFT(A20,4)<>"Bend","FEIL: oppgi eget K",IF(OR(NOT(ISNUMBER(B20)),B20<=0,B20>180,(IF(D20="",IFERROR(VLOOKUP(A20,Benddata,2,FALSE()),0),D20))<0.5,NOT(ISNUMBER(IF(D20="",IFERROR(VLOOKUP(A20,Benddata,2,FALSE()),0),D20)))),"FEIL: vinkel eller R/Di",IF(AND(Beregning!$B$14>0,Beregning!$B$14<4000),"FEIL: eget K ved Re<4000","OK")))))))),"FEIL: kontroller tall") -> Ikke med
C21: 0 | E21: =IFERROR(IF(AND(LEFT(A21,4)="Bend",B21>0,B21<=180,(IF(D21="",IFERROR(VLOOKUP(A21,Benddata,2,FALSE()),0),D21))>=0.5,Beregning!$B$3="OK"),Beregning!$B$23*RADIANS(B21)*(IF(D21="",IFERROR(VLOOKUP(A21,Benddata,2,FALSE()),0),D21))+(0.1+2.4*Beregning!$B$23)*SIN(RADIANS(B21)/2)+6.6*Beregning!$B$23*(SQRT(SIN(RADIANS(B21)/2))+SIN(RADIANS(B21)/2))/((IF(D21="",IFERROR(VLOOKUP(A21,Benddata,2,FALSE()),0),D21))^(4*RADIANS(B21)/PI())),""),"") | G21: =IF(F21<>"",F21,E21) | H21: =IF(J21="OK",G21*Beregning!$B$25/1000,"") | I21: =IF(J21="OK",C21*H21,"") | J21: =IFERROR(IF(OR(C21="",C21=0),"Ikke med",IF(OR(NOT(ISNUMBER(C21)),C21<0,C21<>INT(C21)),"FEIL: antall",IF(COUNTIF(Bendtyper,A21)=0,"FEIL: velg type",IF(Beregning!$B$3<>"OK","Venter på inndata",IF(F21<>"",IF(OR(NOT(ISNUMBER(F21)),F21<0),"FEIL: eget K","OK"),IF(LEFT(A21,4)<>"Bend","FEIL: oppgi eget K",IF(OR(NOT(ISNUMBER(B21)),B21<=0,B21>180,(IF(D21="",IFERROR(VLOOKUP(A21,Benddata,2,FALSE()),0),D21))<0.5,NOT(ISNUMBER(IF(D21="",IFERROR(VLOOKUP(A21,Benddata,2,FALSE()),0),D21)))),"FEIL: vinkel eller R/Di",IF(AND(Beregning!$B$14>0,Beregning!$B$14<4000),"FEIL: eget K ved Re<4000","OK")))))))),"FEIL: kontroller tall") -> Ikke med
C22: 0 | E22: =IFERROR(IF(AND(LEFT(A22,4)="Bend",B22>0,B22<=180,(IF(D22="",IFERROR(VLOOKUP(A22,Benddata,2,FALSE()),0),D22))>=0.5,Beregning!$B$3="OK"),Beregning!$B$23*RADIANS(B22)*(IF(D22="",IFERROR(VLOOKUP(A22,Benddata,2,FALSE()),0),D22))+(0.1+2.4*Beregning!$B$23)*SIN(RADIANS(B22)/2)+6.6*Beregning!$B$23*(SQRT(SIN(RADIANS(B22)/2))+SIN(RADIANS(B22)/2))/((IF(D22="",IFERROR(VLOOKUP(A22,Benddata,2,FALSE()),0),D22))^(4*RADIANS(B22)/PI())),""),"") | G22: =IF(F22<>"",F22,E22) | H22: =IF(J22="OK",G22*Beregning!$B$25/1000,"") | I22: =IF(J22="OK",C22*H22,"") | J22: =IFERROR(IF(OR(C22="",C22=0),"Ikke med",IF(OR(NOT(ISNUMBER(C22)),C22<0,C22<>INT(C22)),"FEIL: antall",IF(COUNTIF(Bendtyper,A22)=0,"FEIL: velg type",IF(Beregning!$B$3<>"OK","Venter på inndata",IF(F22<>"",IF(OR(NOT(ISNUMBER(F22)),F22<0),"FEIL: eget K","OK"),IF(LEFT(A22,4)<>"Bend","FEIL: oppgi eget K",IF(OR(NOT(ISNUMBER(B22)),B22<=0,B22>180,(IF(D22="",IFERROR(VLOOKUP(A22,Benddata,2,FALSE()),0),D22))<0.5,NOT(ISNUMBER(IF(D22="",IFERROR(VLOOKUP(A22,Benddata,2,FALSE()),0),D22)))),"FEIL: vinkel eller R/Di",IF(AND(Beregning!$B$14>0,Beregning!$B$14<4000),"FEIL: eget K ved Re<4000","OK")))))))),"FEIL: kontroller tall") -> Ikke med
C23: 0 | E23: =IFERROR(IF(AND(LEFT(A23,4)="Bend",B23>0,B23<=180,(IF(D23="",IFERROR(VLOOKUP(A23,Benddata,2,FALSE()),0),D23))>=0.5,Beregning!$B$3="OK"),Beregning!$B$23*RADIANS(B23)*(IF(D23="",IFERROR(VLOOKUP(A23,Benddata,2,FALSE()),0),D23))+(0.1+2.4*Beregning!$B$23)*SIN(RADIANS(B23)/2)+6.6*Beregning!$B$23*(SQRT(SIN(RADIANS(B23)/2))+SIN(RADIANS(B23)/2))/((IF(D23="",IFERROR(VLOOKUP(A23,Benddata,2,FALSE()),0),D23))^(4*RADIANS(B23)/PI())),""),"") | G23: =IF(F23<>"",F23,E23) | H23: =IF(J23="OK",G23*Beregning!$B$25/1000,"") | I23: =IF(J23="OK",C23*H23,"") | J23: =IFERROR(IF(OR(C23="",C23=0),"Ikke med",IF(OR(NOT(ISNUMBER(C23)),C23<0,C23<>INT(C23)),"FEIL: antall",IF(COUNTIF(Bendtyper,A23)=0,"FEIL: velg type",IF(Beregning!$B$3<>"OK","Venter på inndata",IF(F23<>"",IF(OR(NOT(ISNUMBER(F23)),F23<0),"FEIL: eget K","OK"),IF(LEFT(A23,4)<>"Bend","FEIL: oppgi eget K",IF(OR(NOT(ISNUMBER(B23)),B23<=0,B23>180,(IF(D23="",IFERROR(VLOOKUP(A23,Benddata,2,FALSE()),0),D23))<0.5,NOT(ISNUMBER(IF(D23="",IFERROR(VLOOKUP(A23,Benddata,2,FALSE()),0),D23)))),"FEIL: vinkel eller R/Di",IF(AND(Beregning!$B$14>0,Beregning!$B$14<4000),"FEIL: eget K ved Re<4000","OK")))))))),"FEIL: kontroller tall") -> Ikke med
... C31: 0 | E31: =IFERROR(IF(AND(LEFT(A31,4)="Bend",B31>0,B31<=180,(IF(D31="",IFERROR(VLOOKUP(A31,Benddata,2,FALSE()),0),D31))>=0.5,Beregning!$B$3="OK"),Beregning!$B$23*RADIANS(B31)*(IF(D31="",IFERROR(VLOOKUP(A31,Benddata,2,FALSE()),0),D31))+(0.1+2.4*Beregning!$B$23)*SIN(RADIANS(B31)/2)+6.6*Beregning!$B$23*(SQRT(SIN(RADIANS(B31)/2))+SIN(RADIANS(B31)/2))/((IF(D31="",IFERROR(VLOOKUP(A31,Benddata,2,FALSE()),0),D31))^(4*RADIANS(B31)/PI())),""),"") | G31: =IF(F31<>"",F31,E31) | H31: =IF(J31="OK",G31*Beregning!$B$25/1000,"") | I31: =IF(J31="OK",C31*H31,"") | J31: =IFERROR(IF(OR(C31="",C31=0),"Ikke med",IF(OR(NOT(ISNUMBER(C31)),C31<0,C31<>INT(C31)),"FEIL: antall",IF(COUNTIF(Bendtyper,A31)=0,"FEIL: velg type",IF(Beregning!$B$3<>"OK","Venter på inndata",IF(F31<>"",IF(OR(NOT(ISNUMBER(F31)),F31<0),"FEIL: eget K","OK"),IF(LEFT(A31,4)<>"Bend","FEIL: oppgi eget K",IF(OR(NOT(ISNUMBER(B31)),B31<=0,B31>180,(IF(D31="",IFERROR(VLOOKUP(A31,Benddata,2,FALSE()),0),D31))<0.5,NOT(ISNUMBER(IF(D31="",IFERROR(VLOOKUP(A31,Benddata,2,FALSE()),0),D31)))),"FEIL: vinkel eller R/Di",IF(AND(Beregning!$B$14>0,Beregning!$B$14<4000),"FEIL: eget K ved Re<4000","OK")))))))),"FEIL: kontroller tall") -> Ikke med
A33: SUM TRYKKTAP FRA BEND OG LOKALE MOTSTANDER | I33: =SUM(I7:I31) -> 2.2437407
A35: Rennels-modellen er et estimat for rundede bend ved turbulent strømning. R/Di betyr bendets senterlinjeradius delt på faktisk innvendig diameter; en produsentverdi R/DN må omregnes. Modellen inkluderer friksjon i buen, så denne lengden skal ikke legges til rette rørmeter. Bruk leverandørens K ved annen geometri eller lave Reynolds-tall.

Sheet Ventiler
A1: VENTILER – ANTALL OG TRYKKFALL
A3: Trykkfall skal være oppgitt ved volumstrømmen og driftsbetingelsene i hovedfanen.
A4: Fyll inn antall og trykkfall PER ENHET i kPa. 1 bar = 100 kPa. Trykkfallene summeres som antall × Δp per enhet.
A5: Verdiene skaleres ikke automatisk når volumstrømmen endres. Oppdater dem fra leverandørdata. Antall 0 utelater raden.
A6: Ventil / komponent | B6: Antall | C6: Δp per enhet [kPa] | D6: Δp totalt [kPa] | E6: Datakilde / kommentar | F6: Kontroll
A7: Kuleventil | B7: 0 | D7: =IF(F7="OK",B7*C7,"") | F7: =IFERROR(IF(OR(B7="",B7=0),"Ikke med",IF(OR(NOT(ISNUMBER(B7)),B7<0,B7<>INT(B7)),"FEIL: antall",IF(A7="","FEIL: angi navn",IF(OR(C7="",NOT(ISNUMBER(C7)),C7<0),"FEIL: angi Δp per enhet","OK")))),"FEIL: kontroller tall") -> Ikke med
A8: Reguleringsventil | B8: 0 | D8: =IF(F8="OK",B8*C8,"") | F8: =IFERROR(IF(OR(B8="",B8=0),"Ikke med",IF(OR(NOT(ISNUMBER(B8)),B8<0,B8<>INT(B8)),"FEIL: antall",IF(A8="","FEIL: angi navn",IF(OR(C8="",NOT(ISNUMBER(C8)),C8<0),"FEIL: angi Δp per enhet","OK")))),"FEIL: kontroller tall") -> Ikke med
A9: Tilbakeslagsventil | B9: 0 | D9: =IF(F9="OK",B9*C9,"") | F9: =IFERROR(IF(OR(B9="",B9=0),"Ikke med",IF(OR(NOT(ISNUMBER(B9)),B9<0,B9<>INT(B9)),"FEIL: antall",IF(A9="","FEIL: angi navn",IF(OR(C9="",NOT(ISNUMBER(C9)),C9<0),"FEIL: angi Δp per enhet","OK")))),"FEIL: kontroller tall") -> Ikke med
A10: Spjeldventil | B10: 0 | D10: =IF(F10="OK",B10*C10,"") | F10: =IFERROR(IF(OR(B10="",B10=0),"Ikke med",IF(OR(NOT(ISNUMBER(B10)),B10<0,B10<>INT(B10)),"FEIL: antall",IF(A10="","FEIL: angi navn",IF(OR(C10="",NOT(ISNUMBER(C10)),C10<0),"FEIL: angi Δp per enhet","OK")))),"FEIL: kontroller tall") -> Ikke med
A11: Sluseventil | B11: 0 | D11: =IF(F11="OK",B11*C11,"") | F11: =IFERROR(IF(OR(B11="",B11=0),"Ikke med",IF(OR(NOT(ISNUMBER(B11)),B11<0,B11<>INT(B11)),"FEIL: antall",IF(A11="","FEIL: angi navn",IF(OR(C11="",NOT(ISNUMBER(C11)),C11<0),"FEIL: angi Δp per enhet","OK")))),"FEIL: kontroller tall") -> Ikke med
B12: 0 | D12: =IF(F12="OK",B12*C12,"") | F12: =IFERROR(IF(OR(B12="",B12=0),"Ikke med",IF(OR(NOT(ISNUMBER(B12)),B12<0,B12<>INT(B12)),"FEIL: antall",IF(A12="","FEIL: angi navn",IF(OR(C12="",NOT(ISNUMBER(C12)),C12<0),"FEIL: angi Δp per enhet","OK")))),"FEIL: kontroller tall") -> Ikke med
B13: 0 | D13: =IF(F13="OK",B13*C13,"") | F13: =IFERROR(IF(OR(B13="",B13=0),"Ikke med",IF(OR(NOT(ISNUMBER(B13)),B13<0,B13<>INT(B13)),"FEIL: antall",IF(A13="","FEIL: angi navn",IF(OR(C13="",NOT(ISNUMBER(C13)),C13<0),"FEIL: angi Δp per enhet","OK")))),"FEIL: kontroller tall") -> Ikke med
B14: 0 | D14: =IF(F14="OK",B14*C14,"") | F14: =IFERROR(IF(OR(B14="",B14=0),"Ikke med",IF(OR(NOT(ISNUMBER(B14)),B14<0,B14<>INT(B14)),"FEIL: antall",IF(A14="","FEIL: angi navn",IF(OR(C14="",NOT(ISNUMBER(C14)),C14<0),"FEIL: angi Δp per enhet","OK")))),"FEIL: kontroller tall") -> Ikke med
B15: 0 | D15: =IF(F15="OK",B15*C15,"") | F15: =IFERROR(IF(OR(B15="",B15=0),"Ikke med",IF(OR(NOT(ISNUMBER(B15)),B15<0,B15<>INT(B15)),"FEIL: antall",IF(A15="","FEIL: angi navn",IF(OR(C15="",NOT(ISNUMBER(C15)),C15<0),"FEIL: angi Δp per enhet","OK")))),"FEIL: kontroller tall") -> Ikke med
B16: 0 | D16: =IF(F16="OK",B16*C16,"") | F16: =IFERROR(IF(OR(B16="",B16=0),"Ikke med",IF(OR(NOT(ISNUMBER(B16)),B16<0,B16<>INT(B16)),"FEIL: antall",IF(A16="","FEIL: angi navn",IF(OR(C16="",NOT(ISNUMBER(C16)),C16<0),"FEIL: angi Δp per enhet","OK")))),"FEIL: kontroller tall") -> Ikke med
B17: 0 | D17: =IF(F17="OK",B17*C17,"") | F17: =IFERROR(IF(OR(B17="",B17=0),"Ikke med",IF(OR(NOT(ISNUMBER(B17)),B17<0,B17<>INT(B17)),"FEIL: antall",IF(A17="","FEIL: angi navn",IF(OR(C17="",NOT(ISNUMBER(C17)),C17<0),"FEIL: angi Δp per enhet","OK")))),"FEIL: kontroller tall") -> Ikke med
B18: 0 | D18: =IF(F18="OK",B18*C18,"") | F18: =IFERROR(IF(OR(B18="",B18=0),"Ikke med",IF(OR(NOT(ISNUMBER(B18)),B18<0,B18<>INT(B18)),"FEIL: antall",IF(A18="","FEIL: angi navn",IF(OR(C18="",NOT(ISNUMBER(C18)),C18<0),"FEIL: angi Δp per enhet","OK")))),"FEIL: kontroller tall") -> Ikke med
B19: 0 | D19: =IF(F19="OK",B19*C19,"") | F19: =IFERROR(IF(OR(B19="",B19=0),"Ikke med",IF(OR(NOT(ISNUMBER(B19)),B19<0,B19<>INT(B19)),"FEIL: antall",IF(A19="","FEIL: angi navn",IF(OR(C19="",NOT(ISNUMBER(C19)),C19<0),"FEIL: angi Δp per enhet","OK")))),"FEIL: kontroller tall") -> Ikke med
B20: 0 | D20: =IF(F20="OK",B20*C20,"") | F20: =IFERROR(IF(OR(B20="",B20=0),"Ikke med",IF(OR(NOT(ISNUMBER(B20)),B20<0,B20<>INT(B20)),"FEIL: antall",IF(A20="","FEIL: angi navn",IF(OR(C20="",NOT(ISNUMBER(C20)),C20<0),"FEIL: angi Δp per enhet","OK")))),"FEIL: kontroller tall") -> Ikke med
B21: 0 | D21: =IF(F21="OK",B21*C21,"") | F21: =IFERROR(IF(OR(B21="",B21=0),"Ikke med",IF(OR(NOT(ISNUMBER(B21)),B21<0,B21<>INT(B21)),"FEIL: antall",IF(A21="","FEIL: angi navn",IF(OR(C21="",NOT(ISNUMBER(C21)),C21<0),"FEIL: angi Δp per enhet","OK")))),"FEIL: kontroller tall") -> Ikke med
B22: 0 | D22: =IF(F22="OK",B22*C22,"") | F22: =IFERROR(IF(OR(B22="",B22=0),"Ikke med",IF(OR(NOT(ISNUMBER(B22)),B22<0,B22<>INT(B22)),"FEIL: antall",IF(A22="","FEIL: angi navn",IF(OR(C22="",NOT(ISNUMBER(C22)),C22<0),"FEIL: angi Δp per enhet","OK")))),"FEIL: kontroller tall") -> Ikke med
B23: 0 | D23: =IF(F23="OK",B23*C23,"") | F23: =IFERROR(IF(OR(B23="",B23=0),"Ikke med",IF(OR(NOT(ISNUMBER(B23)),B23<0,B23<>INT(B23)),"FEIL: antall",IF(A23="","FEIL: angi navn",IF(OR(C23="",NOT(ISNUMBER(C23)),C23<0),"FEIL: angi Δp per enhet","OK")))),"FEIL: kontroller tall") -> Ikke med
... B31: 0 | D31: =IF(F31="OK",B31*C31,"") | F31: =IFERROR(IF(OR(B31="",B31=0),"Ikke med",IF(OR(NOT(ISNUMBER(B31)),B31<0,B31<>INT(B31)),"FEIL: antall",IF(A31="","FEIL: angi navn",IF(OR(C31="",NOT(ISNUMBER(C31)),C31<0),"FEIL: angi Δp per enhet","OK")))),"FEIL: kontroller tall") -> Ikke med
A33: SUM TRYKKTAP | D33: =SUM(D7:D31) -> 0
A35: Registrer hver fysisk komponent én gang. En ventil som er lagt inn med trykkfall her, skal ikke i tillegg registreres som K-motstand i Bend-fanen.

Sheet Komponenter
A1: ANDRE KOMPONENTER – TRYKKFALL
A3: Trykkfall skal være oppgitt ved volumstrømmen og driftsbetingelsene i hovedfanen.
A4: Fyll inn antall og trykkfall PER ENHET i kPa. 1 bar = 100 kPa. Trykkfallene summeres som antall × Δp per enhet.
A5: Verdiene skaleres ikke automatisk når volumstrømmen endres. Oppdater dem fra leverandørdata. Antall 0 utelater raden.
A6: Ventil / komponent | B6: Antall | C6: Δp per enhet [kPa] | D6: Δp totalt [kPa] | E6: Datakilde / kommentar | F6: Kontroll
A7: Filter | B7: 0 | D7: =IF(F7="OK",B7*C7,"") | F7: =IFERROR(IF(OR(B7="",B7=0),"Ikke med",IF(OR(NOT(ISNUMBER(B7)),B7<0,B7<>INT(B7)),"FEIL: antall",IF(A7="","FEIL: angi navn",IF(OR(C7="",NOT(ISNUMBER(C7)),C7<0),"FEIL: angi Δp per enhet","OK")))),"FEIL: kontroller tall") -> Ikke med
A8: Varmeveksler | B8: 0 | D8: =IF(F8="OK",B8*C8,"") | F8: =IFERROR(IF(OR(B8="",B8=0),"Ikke med",IF(OR(NOT(ISNUMBER(B8)),B8<0,B8<>INT(B8)),"FEIL: antall",IF(A8="","FEIL: angi navn",IF(OR(C8="",NOT(ISNUMBER(C8)),C8<0),"FEIL: angi Δp per enhet","OK")))),"FEIL: kontroller tall") -> Ikke med
A9: Mengdemåler | B9: 0 | D9: =IF(F9="OK",B9*C9,"") | F9: =IFERROR(IF(OR(B9="",B9=0),"Ikke med",IF(OR(NOT(ISNUMBER(B9)),B9<0,B9<>INT(B9)),"FEIL: antall",IF(A9="","FEIL: angi navn",IF(OR(C9="",NOT(ISNUMBER(C9)),C9<0),"FEIL: angi Δp per enhet","OK")))),"FEIL: kontroller tall") -> Ikke med
A10: Sil | B10: 0 | D10: =IF(F10="OK",B10*C10,"") | F10: =IFERROR(IF(OR(B10="",B10=0),"Ikke med",IF(OR(NOT(ISNUMBER(B10)),B10<0,B10<>INT(B10)),"FEIL: antall",IF(A10="","FEIL: angi navn",IF(OR(C10="",NOT(ISNUMBER(C10)),C10<0),"FEIL: angi Δp per enhet","OK")))),"FEIL: kontroller tall") -> Ikke med
A11: Annen komponent | B11: 0 | D11: =IF(F11="OK",B11*C11,"") | F11: =IFERROR(IF(OR(B11="",B11=0),"Ikke med",IF(OR(NOT(ISNUMBER(B11)),B11<0,B11<>INT(B11)),"FEIL: antall",IF(A11="","FEIL: angi navn",IF(OR(C11="",NOT(ISNUMBER(C11)),C11<0),"FEIL: angi Δp per enhet","OK")))),"FEIL: kontroller tall") -> Ikke med
B12: 0 | D12: =IF(F12="OK",B12*C12,"") | F12: =IFERROR(IF(OR(B12="",B12=0),"Ikke med",IF(OR(NOT(ISNUMBER(B12)),B12<0,B12<>INT(B12)),"FEIL: antall",IF(A12="","FEIL: angi navn",IF(OR(C12="",NOT(ISNUMBER(C12)),C12<0),"FEIL: angi Δp per enhet","OK")))),"FEIL: kontroller tall") -> Ikke med
B13: 0 | D13: =IF(F13="OK",B13*C13,"") | F13: =IFERROR(IF(OR(B13="",B13=0),"Ikke med",IF(OR(NOT(ISNUMBER(B13)),B13<0,B13<>INT(B13)),"FEIL: antall",IF(A13="","FEIL: angi navn",IF(OR(C13="",NOT(ISNUMBER(C13)),C13<0),"FEIL: angi Δp per enhet","OK")))),"FEIL: kontroller tall") -> Ikke med
B14: 0 | D14: =IF(F14="OK",B14*C14,"") | F14: =IFERROR(IF(OR(B14="",B14=0),"Ikke med",IF(OR(NOT(ISNUMBER(B14)),B14<0,B14<>INT(B14)),"FEIL: antall",IF(A14="","FEIL: angi navn",IF(OR(C14="",NOT(ISNUMBER(C14)),C14<0),"FEIL: angi Δp per enhet","OK")))),"FEIL: kontroller tall") -> Ikke med
B15: 0 | D15: =IF(F15="OK",B15*C15,"") | F15: =IFERROR(IF(OR(B15="",B15=0),"Ikke med",IF(OR(NOT(ISNUMBER(B15)),B15<0,B15<>INT(B15)),"FEIL: antall",IF(A15="","FEIL: angi navn",IF(OR(C15="",NOT(ISNUMBER(C15)),C15<0),"FEIL: angi Δp per enhet","OK")))),"FEIL: kontroller tall") -> Ikke med
B16: 0 | D16: =IF(F16="OK",B16*C16,"") | F16: =IFERROR(IF(OR(B16="",B16=0),"Ikke med",IF(OR(NOT(ISNUMBER(B16)),B16<0,B16<>INT(B16)),"FEIL: antall",IF(A16="","FEIL: angi navn",IF(OR(C16="",NOT(ISNUMBER(C16)),C16<0),"FEIL: angi Δp per enhet","OK")))),"FEIL: kontroller tall") -> Ikke med
B17: 0 | D17: =IF(F17="OK",B17*C17,"") | F17: =IFERROR(IF(OR(B17="",B17=0),"Ikke med",IF(OR(NOT(ISNUMBER(B17)),B17<0,B17<>INT(B17)),"FEIL: antall",IF(A17="","FEIL: angi navn",IF(OR(C17="",NOT(ISNUMBER(C17)),C17<0),"FEIL: angi Δp per enhet","OK")))),"FEIL: kontroller tall") -> Ikke med
B18: 0 | D18: =IF(F18="OK",B18*C18,"") | F18: =IFERROR(IF(OR(B18="",B18=0),"Ikke med",IF(OR(NOT(ISNUMBER(B18)),B18<0,B18<>INT(B18)),"FEIL: antall",IF(A18="","FEIL: angi navn",IF(OR(C18="",NOT(ISNUMBER(C18)),C18<0),"FEIL: angi Δp per enhet","OK")))),"FEIL: kontroller tall") -> Ikke med
B19: 0 | D19: =IF(F19="OK",B19*C19,"") | F19: =IFERROR(IF(OR(B19="",B19=0),"Ikke med",IF(OR(NOT(ISNUMBER(B19)),B19<0,B19<>INT(B19)),"FEIL: antall",IF(A19="","FEIL: angi navn",IF(OR(C19="",NOT(ISNUMBER(C19)),C19<0),"FEIL: angi Δp per enhet","OK")))),"FEIL: kontroller tall") -> Ikke med
B20: 0 | D20: =IF(F20="OK",B20*C20,"") | F20: =IFERROR(IF(OR(B20="",B20=0),"Ikke med",IF(OR(NOT(ISNUMBER(B20)),B20<0,B20<>INT(B20)),"FEIL: antall",IF(A20="","FEIL: angi navn",IF(OR(C20="",NOT(ISNUMBER(C20)),C20<0),"FEIL: angi Δp per enhet","OK")))),"FEIL: kontroller tall") -> Ikke med
B21: 0 | D21: =IF(F21="OK",B21*C21,"") | F21: =IFERROR(IF(OR(B21="",B21=0),"Ikke med",IF(OR(NOT(ISNUMBER(B21)),B21<0,B21<>INT(B21)),"FEIL: antall",IF(A21="","FEIL: angi navn",IF(OR(C21="",NOT(ISNUMBER(C21)),C21<0),"FEIL: angi Δp per enhet","OK")))),"FEIL: kontroller tall") -> Ikke med
B22: 0 | D22: =IF(F22="OK",B22*C22,"") | F22: =IFERROR(IF(OR(B22="",B22=0),"Ikke med",IF(OR(NOT(ISNUMBER(B22)),B22<0,B22<>INT(B22)),"FEIL: antall",IF(A22="","FEIL: angi navn",IF(OR(C22="",NOT(ISNUMBER(C22)),C22<0),"FEIL: angi Δp per enhet","OK")))),"FEIL: kontroller tall") -> Ikke med
B23: 0 | D23: =IF(F23="OK",B23*C23,"") | F23: =IFERROR(IF(OR(B23="",B23=0),"Ikke med",IF(OR(NOT(ISNUMBER(B23)),B23<0,B23<>INT(B23)),"FEIL: antall",IF(A23="","FEIL: angi navn",IF(OR(C23="",NOT(ISNUMBER(C23)),C23<0),"FEIL: angi Δp per enhet","OK")))),"FEIL: kontroller tall") -> Ikke med
... B31: 0 | D31: =IF(F31="OK",B31*C31,"") | F31: =IFERROR(IF(OR(B31="",B31=0),"Ikke med",IF(OR(NOT(ISNUMBER(B31)),B31<0,B31<>INT(B31)),"FEIL: antall",IF(A31="","FEIL: angi navn",IF(OR(C31="",NOT(ISNUMBER(C31)),C31<0),"FEIL: angi Δp per enhet","OK")))),"FEIL: kontroller tall") -> Ikke med
A33: SUM TRYKKTAP | D33: =SUM(D7:D31) -> 0
A35: Registrer hver fysisk komponent én gang. En ventil som er lagt inn med trykkfall her, skal ikke i tillegg registreres som K-motstand i Bend-fanen.

Sheet Veiledning
A1: SLIK BRUKER DU ARKET
A3: Makrofri Excel-arbeidsbok · enheter og forutsetninger er en del av beregningen.
A6: 1 | B6: 1. Rør og materiale | C6: Velg rørserie, DN/OD, materiale og EN-produktstandard. Oppgi faktisk veggtykkelse. Ved kjent lysåpning kan du overstyre ID. Metrisk OD er ikke en automatisk material- eller veggserie. En svart/grå verdi er beregnet; blå felt er inndata.
A7: 2 | B7: 2. Væske og drift | C7: Velg vann ved referansetemperatur eller annet medium. Overstyr tetthet og dynamisk viskositet ved faktisk drift. Viskositeten skal være i mPa·s (cP), ikke cSt. Volumstrøm angis i m³/h. Vann er standard; arket gjelder ikke gass eller damp.
A8: 3 | B8: 3. Lengde og høyde | C8: Rette rørmeter L er samlet rett rørlengde, både horisontal og vertikal. Høydefeltene legger ikke til rørfriksjonslengde. Oppgi positive høydemeter opp og ned. Netto høyde er opp minus ned. Fall reduserer nødvendig trykkdifferanse, men ikke dissipative tap. Arket løser ikke strømning fra tilgjengelig trykk; volumstrømmen er en inndata.
A9: 4 | B9: 4. Bend / Y / T | C9: Legg hver bendtype/vinkel på egen rad. R/Di er faktisk senterlinjeradius delt på innvendig diameter, ikke R/DN. Rundede bend bruker Rennels ved Re>=4000; eget K overstyrer. Y/T og annen geometri krever eget dokumentert K, fordi fordeling og strømningsvei påvirker motstanden. Maksimalt 25 rader.
A10: 5 | B10: Flensede rørkoblinger | C10: I hovedfanen angis antall flensepar med pakning og K per kobling. K=0 forutsetter ideell full lysåpning uten innsnevring eller utstikkende pakning; flensen i seg selv gir da ikke et separat lokalt tap. Bruk dokumentert K ved avvik, eller registrer dokumentert trykkfall i Komponenter uten dobbelttelling. Flensens EN-standard/trykklasse, f.eks. EN 1092-1, inngår ikke i den hydrauliske beregningen.
A11: 6 | B11: 5. Ventiler og komponenter | C11: Velg antall og trykkfall per enhet i kPa i hver tabell. Trykkfall multipliseres med antall. Verdien skal gjelde den valgte volumstrømmen og åpningen/driftsbetingelsen. Den endres ikke automatisk med volumstrøm. Registrer ikke samme komponent også som K. Maksimalt 25 rader per tabell.
A12: 7 | B12: 6. Resultater | C12: Nødvendig trykkdifferanse = rørfriksjon + bendtap + ventiltap + øvrige tap + ρgΔz. Negativ verdi beholdes. Valgfritt innløpstrykk gir beregnet utløpstrykk. Beregningen forutsetter lik hastighet ved endene. Kontrollfeltet må vise OK; ved ugyldige aktive rader blir totalresultatet tomt.
A13: 8 | B13: 7. Modellgrenser | C13: Stasjonær, enfaset, Newtonsk og inkompressibel væske; én konstant diameter og volumstrøm; fullt utviklet rørstrømning. Re<2300 bruker 64/Re, Re>=4000 Colebrook. 2300<=Re<4000 blokkeres som overgangsområde. Rundede bends automatiske modell blokkeres ved 0<Re<4000; dokumentert eget K kan brukes. Ingen kavitasjons-, transient-, pumpekurve- eller nettverksberegning.
A14: 9 | B14: 8. Normer og datakvalitet | C14: EN/ISO-valgene er normreferanser og et begrenset dimensjonsutvalg, ikke samsvarsgodkjenning. Ruhet er et startanslag, ikke en materialgaranti. Arbeidsboken beregner hydraulisk trykktap; den beregner ikke tillatt arbeidstrykk eller veggtykkelse iht. EN 13480. Verifiser faktisk geometri og produktdata.
A15: 10 | B15: Darcy–Weisbach / Colebrook | C15: Δp_rør = f(L/D)ρv²/2; Re=ρvD/μ; v=4Q/(πD²). Turbulent: 1/√f = −2 log10(ε/(3,7D)+2,51/(Re√f)). Seks iterasjoner fra Haaland. Laminært: f=64/Re. g=9,80665 m/s². Colebrook, C. F. (1939), Turbulent Flow in Pipes, with Particular Reference to the Transition Region between the Smooth and Rough Pipe Laws.
A16: 11 | B16: Rennels, rundet bend | C16: α i radianer, r=R/Di: K=fαr+(0,10+2,4f)sin(α/2)+6,6f[√sin(α/2)+sin(α/2)]/r^(4α/π). Modellen inkluderer friksjon i den buede rørlengden. Rennels & Hudson, Pipe Flow: A Practical and Comprehensive Guide, Wiley (2012). Koden er kontrollert mot den offentlig dokumenterte implementasjonen i fluids.fittings.bend_rounded.
A17: 12 | B17: Referanser / etterprøving | C17: Normreferanser: EN 10220, ISO 4200, ISO 1127; relevante deler av EN 10216 og EN 10217; EN 10088-1 for rustfrie materialbetegnelser. Vann: avrundede standard tabellverdier (IAPWS); ISO VG 32: nominell viskositetsklasse iht. ISO 3448. Oppslagsarkene viser alle verdier brukt; testskriptet kontrollerer også uavhengig Colebrook-løsning og laminær Poiseuille.
C19: Dokumentert referanseimplementasjon: fluids / fittings.py

Sheet Rørdata
A1: RØRSERIER OG DIMENSJONER
A3: Utvalg vanlige ytre diametre. DN er nominelt; innvendig diameter krever veggtykkelse eller egen verdi.
A6: Oppslagsnøkkel | B6: Rørserie | C6: DN / OD | D6: Ytre diameter [mm] | E6: Merknad / normreferanse
A7: EN 10220 / ISO 4200|DN15 | B7: EN 10220 / ISO 4200 | C7: DN15 | D7: 21.3 | E7: Vanlig OD-utvalg, ikke komplett normtabell. Kontroller mot rørsertifikat og aktuell normutgave.
A8: EN 10220 / ISO 4200|DN20 | B8: EN 10220 / ISO 4200 | C8: DN20 | D8: 26.9 | E8: Vanlig OD-utvalg, ikke komplett normtabell. Kontroller mot rørsertifikat og aktuell normutgave.
A9: EN 10220 / ISO 4200|DN25 | B9: EN 10220 / ISO 4200 | C9: DN25 | D9: 33.7 | E9: Vanlig OD-utvalg, ikke komplett normtabell. Kontroller mot rørsertifikat og aktuell normutgave.
A10: EN 10220 / ISO 4200|DN32 | B10: EN 10220 / ISO 4200 | C10: DN32 | D10: 42.4 | E10: Vanlig OD-utvalg, ikke komplett normtabell. Kontroller mot rørsertifikat og aktuell normutgave.
A11: EN 10220 / ISO 4200|DN40 | B11: EN 10220 / ISO 4200 | C11: DN40 | D11: 48.3 | E11: Vanlig OD-utvalg, ikke komplett normtabell. Kontroller mot rørsertifikat og aktuell normutgave.
A12: EN 10220 / ISO 4200|DN50 | B12: EN 10220 / ISO 4200 | C12: DN50 | D12: 60.3 | E12: Vanlig OD-utvalg, ikke komplett normtabell. Kontroller mot rørsertifikat og aktuell normutgave.
A13: EN 10220 / ISO 4200|DN65 | B13: EN 10220 / ISO 4200 | C13: DN65 | D13: 76.1 | E13: Vanlig OD-utvalg, ikke komplett normtabell. Kontroller mot rørsertifikat og aktuell normutgave.
A14: EN 10220 / ISO 4200|DN80 | B14: EN 10220 / ISO 4200 | C14: DN80 | D14: 88.9 | E14: Vanlig OD-utvalg, ikke komplett normtabell. Kontroller mot rørsertifikat og aktuell normutgave.
A15: EN 10220 / ISO 4200|DN100 | B15: EN 10220 / ISO 4200 | C15: DN100 | D15: 114.3 | E15: Vanlig OD-utvalg, ikke komplett normtabell. Kontroller mot rørsertifikat og aktuell normutgave.
A16: EN 10220 / ISO 4200|DN125 | B16: EN 10220 / ISO 4200 | C16: DN125 | D16: 139.7 | E16: Vanlig OD-utvalg, ikke komplett normtabell. Kontroller mot rørsertifikat og aktuell normutgave.
A17: EN 10220 / ISO 4200|DN150 | B17: EN 10220 / ISO 4200 | C17: DN150 | D17: 168.3 | E17: Vanlig OD-utvalg, ikke komplett normtabell. Kontroller mot rørsertifikat og aktuell normutgave.
A18: EN 10220 / ISO 4200|DN200 | B18: EN 10220 / ISO 4200 | C18: DN200 | D18: 219.1 | E18: Vanlig OD-utvalg, ikke komplett normtabell. Kontroller mot rørsertifikat og aktuell normutgave.
... A52: Metrisk OD|OD315 | B52: Metrisk OD | C52: OD315 | D52: 315 | E52: Metrisk OD-valg i mm; ingen produktstandard eller veggserie er implisert.

Sheet Materialer
A1: MATERIALER OG EN-PRODUKTSTANDARDER
A3: Produktstandard velges separat. Ingen beregning av tillatt arbeidstrykk, spenninger eller godstykkelse.
A6: Materialvalg | B6: Materialbetegnelse | C6: Ruhet, startanslag [mm] | D6: Tillatte valg i denne malen | E6: Beskrivelse
A7: P235GH – karbonstål | B7: P235GH | C7: 0.045 | D7: |EN 10216-2|EN 10217-2|EN 10217-5| | E7: Sømløst/sveiset trykkrør for forhøyet temperatur.
A8: P265GH – karbonstål | B8: P265GH | C8: 0.045 | D8: |EN 10216-2|EN 10217-2|EN 10217-5| | E8: Sømløst/sveiset trykkrør for forhøyet temperatur.
A9: P235TR2 – karbonstål | B9: P235TR2 | C9: 0.045 | D9: |EN 10216-1|EN 10217-1| | E9: Trykkrør med spesifiserte egenskaper ved romtemperatur.
A10: 1.4307 / 304L – rustfritt | B10: X2CrNi18-9 / 1.4307 | C10: 0.015 | D10: |EN 10216-5|EN 10217-7| | E10: Austenittisk rustfritt trykkrør; EN 10088-1 materialbetegnelse.
A11: 1.4404 / 316L – rustfritt | B11: X2CrNiMo17-12-2 / 1.4404 | C11: 0.015 | D11: |EN 10216-5|EN 10217-7| | E11: Austenittisk rustfritt trykkrør; EN 10088-1 materialbetegnelse.
A12: 1.4462 / 2205 – duplex | B12: X2CrNiMoN22-5-3 / 1.4462 | C12: 0.015 | D12: |EN 10216-5|EN 10217-7| | E12: Duplex trykkrør; EN 10088-1 materialbetegnelse.
A15: Ruhet er et generelt startanslag, ikke en egenskap garantert av EN-standarden. Overstyr med dokumentert ruhet for faktisk overflate, sveiser, belegg og aldring.
A18: EN 10216: sømløse trykkrør. EN 10217: sveisede trykkrør. Relevant del og materialkvalitet må bekreftes mot leverandørens dokumentasjon. «Annen / dokumentert» tillater et særskilt dokumentert valg.

Sheet Medier
A1: MEDIER OG REFERANSEVERDIER
A3: Tetthet og dynamisk viskositet ved angitt temperatur; overstyr ved faktisk driftsbetingelse.
A6: Medium | B6: Tetthet [kg/m³] | C6: Dynamisk viskositet [mPa·s] | D6: Betingelser / merknad
A7: Vann 5 °C | B7: 999.97 | C7: 1.519 | D7: Omtrentlige verdier ved atmosfæretrykk.
A8: Vann 20 °C | B8: 998.2 | C8: 1.002 | D8: Omtrentlige verdier ved atmosfæretrykk.
A9: Vann 40 °C | B9: 992.2 | C9: 0.653 | D9: Omtrentlige verdier ved atmosfæretrykk.
A10: Vann 60 °C | B10: 983.2 | C10: 0.466 | D10: Omtrentlige verdier ved atmosfæretrykk.
A11: Vann 80 °C | B11: 971.8 | C11: 0.354 | D11: Omtrentlige verdier ved atmosfæretrykk.
A12: Olje ISO VG 32, 40 °C | B12: 850 | C12: 27.2 | D12: Nominell ν=32 mm²/s; antatt ρ=850 kg/m³. Bruk leverandørdata.
A13: Eget medium | B13: 0 | C13: 0 | D13: Begge egenskaper må fylles inn i feltene for egne verdier.
A16: Vannverdiene er avrundede referanseverdier i tråd med vanlige tabeller basert på IAPWS. De er ikke en implementasjon av temperatur- og trykkavhengige tilstandsligninger. VG 32 angir nominell kinematisk viskositet ved 40 °C, ikke en universell oljeegenskap.

Sheet Beregning
A1: BEREGNINGSGRUNNLAG
A3: Kontroll av grunninndata | B3: =IFERROR(IF(COUNTIF(Rorserier,Trykkberegning!E6)=0,"FEIL: velg en gyldig rørserie.",IF(COUNTIF(Materialvalg,Trykkberegning!E13)=0,"FEIL: velg materiale.",IF(COUNTIF(ENStandarder,Trykkberegning!E14)=0,"FEIL: velg EN-produktstandard.",IF(AND(Trykkberegning!E14<>"Annen / dokumentert",ISERROR(SEARCH("|"&Trykkberegning!E14&"|",VLOOKUP(Trykkberegning!E13,Materialdata,4,FALSE())))),"FEIL: EN-produktstandard passer ikke materialvalget. Se Materialer.",IF(COUNTIF(Medievalg,Trykkberegning!E20)=0,"FEIL: velg medium.",IF(OR(NOT(ISNUMBER(Trykkberegning!E21)),Trykkberegning!E21<=0,NOT(ISNUMBER(Trykkberegning!E22)),Trykkberegning!E22<=0),"FEIL: tetthet og dynamisk viskositet må være større enn 0.",IF(OR(NOT(ISNUMBER(Trykkberegning!E12)),Trykkberegning!E12<=0),"FEIL: innvendig diameter må være større enn 0. Kontroller dimensjon og veggtykkelse.",IF(AND(Trykkberegning!E11="",OR(NOT(ISNUMBER(Trykkberegning!E10)),Trykkberegning!E10<=0)),"FEIL: oppgi positiv veggtykkelse eller egen innvendig diameter.",IF(OR(NOT(ISNUMBER(Trykkberegning!E8)),Trykkberegning!E8<0,AND(Trykkberegning!E8>0,Trykkberegning!E12>Trykkberegning!E8)),"FEIL: kontroller ytre og indre diameter.",IF(OR(NOT(ISNUMBER(Trykkberegning!E15)),Trykkberegning!E15<0,Trykkberegning!E15>=Trykkberegning!E12),"FEIL: ruhet må være >=0 og mindre enn innvendig diameter.",IF(OR(Trykkberegning!E17="",NOT(ISNUMBER(Trykkberegning!E17)),Trykkberegning!E17<0,Trykkberegning!E17<>INT(Trykkberegning!E17)),"FEIL: flenskoblinger må være et heltall >=0.",IF(AND(Trykkberegning!E17>0,OR(Trykkberegning!E18="",NOT(ISNUMBER(Trykkberegning!E18)),Trykkberegning!E18<0)),"FEIL: oppgi K >=0 per flenskobling.",IF(OR(Trykkberegning!E25="",NOT(ISNUMBER(Trykkberegning!E25)),Trykkberegning!E25<0),"FEIL: volumstrøm må være et tall >=0.",IF(OR(Trykkberegning!E29="",NOT(ISNUMBER(Trykkberegning!E29)),Trykkberegning!E29<0,Trykkberegning!E30="",NOT(ISNUMBER(Trykkberegning!E30)),Trykkberegning!E30<0,Trykkberegning!E31="",NOT(ISNUMBER(Trykkberegning!E31)),Trykkberegning!E31<0),"FEIL: rette meter og høydemeter må være tall >=0.",IF(AND(Trykkberegning!E33<>"",NOT(ISNUMBER(Trykkberegning!E33))),"FEIL: innløpstrykk må være et tall eller tomt.","OK"))))))))))))))),"FEIL: kontroller inndata; tallfelt kan ikke inneholde tekst.") -> OK
A4: Samlet beregningsstatus | B4: =IFERROR(IF(B3<>"OK",B3,IF(AND(B14>=2300,B14<4000),"FEIL: Reynolds 2300–4000 er overgangsområde; modellen gir ikke et sikkert resultat.",IF(COUNTIF(Bend!J7:J31,"OK")+COUNTIF(Bend!J7:J31,"Ikke med")<>25,"FEIL: kontroller aktive rader i Bend.",IF(COUNTIF(Ventiler!F7:F31,"OK")+COUNTIF(Ventiler!F7:F31,"Ikke med")<>25,"FEIL: kontroller aktive rader i Ventiler.",IF(COUNTIF(Komponenter!F7:F31,"OK")+COUNTIF(Komponenter!F7:F31,"Ikke med")<>25,"FEIL: kontroller aktive rader i Komponenter.",IF(AND(B7=0,SUM(Ventiler!D7:D31,Komponenter!D7:D31)>0),"FEIL: ved null volumstrøm må komponenttrykkfall være 0.","OK")))))),"FEIL: kontroller beregningsformler.") -> OK
A6: Tyngdeakselerasjon g | B6: 9.80665 | C6: m/s²
A7: Volumstrøm Q | B7: =IFERROR(IF(B3="OK",Trykkberegning!E25/3600,""),"") -> 0.01 | C7: m³/s
A8: Innvendig diameter D | B8: =IFERROR(IF(B3="OK",Trykkberegning!E12/1000,""),"") -> 0.0825 | C8: m
A9: Dynamisk viskositet μ | B9: =IFERROR(IF(B3="OK",Trykkberegning!E22/1000,""),"") -> 0.001002 | C9: Pa·s
A10: Tetthet ρ | B10: =IFERROR(IF(B3="OK",Trykkberegning!E21,""),"") -> 998.2 | C10: kg/m³
A11: Absolutt ruhet ε | B11: =IFERROR(IF(B3="OK",Trykkberegning!E15/1000,""),"") -> 4.5e-05 | C11: m
A12: Tverrsnittsareal A | B12: =IFERROR(IF(B3="OK",PI()*B8^2/4,""),"") -> 0.0053456162 | C12: m²
A13: Gjennomsnittshastighet v | B13: =IFERROR(IF(B3="OK",B7/B12,""),"") -> 1.8706917 | C13: m/s
A14: Reynolds-tall | B14: =IFERROR(IF(B3="OK",B10*B13*B8/B9,""),"") -> 153746.77 | C14: –
A15: Relativ ruhet ε/D | B15: =IFERROR(IF(B3="OK",B11/B8,""),"") -> 0.00054545455 | C15: –
A16: Startverdi f (Haaland / 64/Re) | B16: =IFERROR(IF(B3="OK",IF(B14=0,0,IF(B14<2300,64/B14,(-1.8*LOG10((B15/3.7)^1.11+6.9/B14))^(-2))),""),"") -> 0.019320986 | C16: –
A17: Colebrook-iterasjon 1 | B17: =IFERROR(IF(B3="OK",IF(B14=0,0,IF(B14<2300,B16,(-2*LOG10(B15/3.7+2.51/(B14*SQRT(B16))))^(-2))),""),"") -> 0.019539352 | C17: –
A18: Colebrook-iterasjon 2 | B18: =IFERROR(IF(B3="OK",IF(B14=0,0,IF(B14<2300,B16,(-2*LOG10(B15/3.7+2.51/(B14*SQRT(B17))))^(-2))),""),"") -> 0.019527553 | C18: –
A19: Colebrook-iterasjon 3 | B19: =IFERROR(IF(B3="OK",IF(B14=0,0,IF(B14<2300,B16,(-2*LOG10(B15/3.7+2.51/(B14*SQRT(B18))))^(-2))),""),"") -> 0.019528186 | C19: –
A20: Colebrook-iterasjon 4 | B20: =IFERROR(IF(B3="OK",IF(B14=0,0,IF(B14<2300,B16,(-2*LOG10(B15/3.7+2.51/(B14*SQRT(B19))))^(-2))),""),"") -> 0.019528152 | C20: –
A21: Colebrook-iterasjon 5 | B21: =IFERROR(IF(B3="OK",IF(B14=0,0,IF(B14<2300,B16,(-2*LOG10(B15/3.7+2.51/(B14*SQRT(B20))))^(-2))),""),"") -> 0.019528154 | C21: –
A22: Colebrook-iterasjon 6 | B22: =IFERROR(IF(B3="OK",IF(B14=0,0,IF(B14<2300,B16,(-2*LOG10(B15/3.7+2.51/(B14*SQRT(B21))))^(-2))),""),"") -> 0.019528154 | C22: –
A23: Darcy friksjonsfaktor f | B23: =IFERROR(IF(B3="OK",B22,""),"") -> 0.019528154 | C23: –
A24: Strømningsregime | B24: =IFERROR(IF(B3="OK",IF(B14=0,"Ingen strømning",IF(B14<2300,"Laminært",IF(B14<4000,"Overgang","Turbulent"))),""),"") -> Turbulent
A25: Dynamisk trykk ρv²/2 | B25: =IFERROR(IF(B3="OK",B10*B13^2/2,""),"") -> 1746.5942 | C25: Pa
A26: Netto høydeforskjell | B26: =IFERROR(IF(B3="OK",Trykkberegning!E30-Trykkberegning!E31,""),"") -> 8 | C26: m
A29: Rørfriksjon | B29: =IFERROR(IF(B4="OK",B23*Trykkberegning!E29/B8*B25,""),"") -> 41342.739 | C29: Pa | D29: Bidrag | E29: bar
A30: Bend og lokale K-motstander | B30: =IFERROR(IF(B4="OK",SUM(Bend!I7:I31)*1000,""),"") -> 2243.7407 | C30: Pa | D30: Rørfriksjon | E30: =IF(B4="OK",B29/100000,0) -> 0.41342739
A31: Ventiler | B31: =IFERROR(IF(B4="OK",SUM(Ventiler!D7:D31)*1000,""),"") -> 0 | C31: Pa | D31: Bend / K | E31: =IF(B4="OK",B30/100000,0) -> 0.022437407
A32: Andre komponenter | B32: =IFERROR(IF(B4="OK",SUM(Komponenter!D7:D31)*1000,""),"") -> 0 | C32: Pa | D32: Ventiler | E32: =IF(B4="OK",B31/100000,0) -> 0
A33: Flensede koblinger | B33: =IFERROR(IF(B4="OK",IF(Trykkberegning!E17=0,0,Trykkberegning!E17*Trykkberegning!E18*B25),""),"") -> 0 | C33: Pa | D33: Flenskoblinger | E33: =IF(B4="OK",B33/100000,0) -> 0
D34: Andre komponenter | E34: =IF(B4="OK",B32/100000,0) -> 0
A35: Dissipativt trykktap | B35: =IFERROR(IF(B4="OK",SUM(B29:B33),""),"") -> 43586.48 | C35: Pa | D35: Høydebidrag | E35: =IF(B4="OK",B36/100000,0) -> 0.78311984
A36: Statisk høydebidrag | B36: =IFERROR(IF(B4="OK",B10*B6*B26,""),"") -> 78311.984 | C36: Pa
A37: Nødvendig trykkdifferanse | B37: =IFERROR(IF(B4="OK",B35+B36,""),"") -> 121898.46 | C37: Pa
A38: Colebrook-residual | B38: =IFERROR(IF(B3="OK",IF(B14<2300,0,1/SQRT(B23)+2*LOG10(B15/3.7+2.51/(B14*SQRT(B23)))),""),"") -> 9.6168584e-10 | C38: –

Sheet _Lister
A1: Rorserier | B1: NominelleDN | C1: MetriskeOD | D1: Materialvalg | E1: ENStandarder | F1: Medievalg | G1: Bendtyper
A2: EN 10220 / ISO 4200 | B2: DN15 | C2: OD20 | D2: P235GH – karbonstål | E2: EN 10216-1 | F2: Vann 5 °C | G2: Bend, lang radius | I2: Bend, lang radius | J2: 1.5 | K2: Rennels: rundet bend. Startanslag R/Di=1,5; oppgi faktisk radiusforhold.
A3: ISO 1127 | B3: DN20 | C3: OD25 | D3: P265GH – karbonstål | E3: EN 10217-1 | F3: Vann 20 °C | G3: Bend, kort radius | I3: Bend, kort radius | J3: 1 | K3: Rennels: rundet bend. Startanslag R/Di=1,0; oppgi faktisk radiusforhold.
A4: Metrisk OD | B4: DN25 | C4: OD32 | D4: P235TR2 – karbonstål | E4: EN 10216-2 | F4: Vann 40 °C | G4: Y-stykke, gjennomløp | I4: Y-stykke, gjennomløp | J4: 0 | K4: Oppgi dokumentert K for valgt strømningsvei og fordeling.
B5: DN32 | C5: OD40 | D5: 1.4307 / 304L – rustfritt | E5: EN 10217-2 | F5: Vann 60 °C | G5: Y-stykke, avgrening | I5: Y-stykke, avgrening | J5: 0 | K5: Oppgi dokumentert K for valgt strømningsvei og fordeling.
B6: DN40 | C6: OD50 | D6: 1.4404 / 316L – rustfritt | E6: EN 10217-5 | F6: Vann 80 °C | G6: T-stykke, gjennomløp | I6: T-stykke, gjennomløp | J6: 0 | K6: Oppgi dokumentert K for valgt strømningsvei og fordeling.
B7: DN50 | C7: OD63 | D7: 1.4462 / 2205 – duplex | E7: EN 10216-5 | F7: Olje ISO VG 32, 40 °C | G7: T-stykke, avgrening | I7: T-stykke, avgrening | J7: 0 | K7: Oppgi dokumentert K for valgt strømningsvei og fordeling.
B8: DN65 | C8: OD75 | E8: EN 10217-7 | F8: Eget medium | G8: Egen komponent | I8: Egen komponent | J8: 0 | K8: Oppgi eget K med referanse til hastigheten i denne rørstrekningen.
B9: DN80 | C9: OD90 | E9: Annen / dokumentert
B10: DN100 | C10: OD110
B11: DN125 | C11: OD125
B12: DN150 | C12: OD140
B13: DN200 | C13: OD160
B14: DN250 | C14: OD180
B15: DN300 | C15: OD200
B16: Egendefinert | C16: OD225
C17: OD250
C18: OD280
C19: OD315
C20: Egendefinert
